prefecture,city,district,number,address,name,lat,long,note
東京都,目黒区,東京26区,1-1,駒場３－１０,駒場小学校南側先,35.6592114,139.681801,
東京都,目黒区,東京26区,1-2,駒場１‐５,コインランドリー向側,35.6555243,139.6891294,
東京都,目黒区,東京26区,1-3,駒場２－１９,駒場野公園入口脇,35.6591243,139.6810492,
東京都,目黒区,東京26区,1-4,駒場２－１７,駒場バス停前,35.6556745,139.681835,
東京都,目黒区,東京26区,1-5,駒場２－１９,駒場体育館裏,35.6578145,139.6801105,
東京都,目黒区,東京26区,1-6,駒場３－４,井の頭線ガード脇,35.6574959,139.687844,
東京都,目黒区,東京26区,1-7,駒場４-４-３２,masked,35.6600809,139.6810511,
東京都,目黒区,東京26区,1-8,駒場１－２２－１,駒場保育園前,35.6565414,139.6867337,
東京都,目黒区,東京26区,2-1,大橋２－１１－１,第一中学校北側,35.6547766,139.6871124,
東京都,目黒区,東京26区,2-2,青葉台４－６,松見坂武蔵野マンション前,35.6551945,139.6904452,
東京都,目黒区,東京26区,2-3,青葉台４－８,三菱UFJ銀行青葉台分館東側,35.6535406,139.6911711,
東京都,目黒区,東京26区,2-4,大橋２－１１－１,第一中学校南側,35.6537871,139.6867235,
東京都,目黒区,東京26区,2-5,大橋２－１１－１,第一中学校東側,35.654175,139.6879895,
東京都,目黒区,東京26区,2-6,大橋２－２２－３８,氷川さくら公園入口脇,35.6524267,139.6847245,
東京都,目黒区,東京26区,2-7,大橋２－１８－１,都立駒場高校北側,35.6554341,139.6860317,
東京都,目黒区,東京26区,2-8,大橋２－１８－１,都立駒場高校西側,35.6545711,139.6840683,
東京都,目黒区,東京26区,2-9,青葉台４－７,大教寺西側,35.6543749,139.6898836,
東京都,目黒区,東京26区,3-1,青葉台３－３－２６,菅刈小学校南側,35.6511756,139.6923581,
東京都,目黒区,東京26区,3-2,青葉台１－２６,福砂屋東京工場裏,35.6482565,139.6946051,
東京都,目黒区,東京26区,3-3,青葉台２－１０－１８,菅刈住区センター前,35.6497313,139.6957691,
東京都,目黒区,東京26区,3-4,青葉台２－１１－２６,菅刈公園前,35.6500175,139.6930112,
東京都,目黒区,東京26区,3-5,青葉台３－７,菅刈街かど公園向側,35.6514545,139.6898109,
東京都,目黒区,東京26区,3-6,大橋１-５−１,クロスエアタワー前,35.6518942,139.6884475,
東京都,目黒区,東京26区,3-7,大橋１－９,万代橋脇,35.650524,139.6870324,
東京都,目黒区,東京26区,3-8,青葉台３－２１,目黒川中の橋脇,35.6497897,139.6917661,
東京都,目黒区,東京26区,3-9,青葉台３－３－２６,菅刈小学校北側,35.6518055,139.6920872,
東京都,目黒区,東京26区,3-10,青葉台１－６－５０,日向児童遊園,35.6473174,139.6987836,
東京都,目黒区,東京26区,4-1,東山２－２４－２５,東山小学校北側,35.6471929,139.6859525,
東京都,目黒区,東京26区,4-2,東山３－２０,東山公園,35.648039,139.6873049,
東京都,目黒区,東京26区,4-3,東山２－２４－２,東山児童館自転車置場前,35.6481875,139.6853768,
東京都,目黒区,東京26区,4-4,東山２－２４－２５,東山小学校西側,35.646515,139.6853946,
東京都,目黒区,東京26区,4-5,東山３－１３－１６,東山児童遊園前,35.6496267,139.6854548,
東京都,目黒区,東京26区,4-6,東山２－２４－２５,東山小学校南側,35.6461859,139.6858506,
東京都,目黒区,東京26区,4-7,上目黒５－１３,寿福寺前バス停横,35.643999,139.6888483,
東京都,目黒区,東京26区,4-8,東山２－２２,防衛省東山宿舎Ｃ棟西側,35.6447624,139.6861829,
東京都,目黒区,東京26区,4-9,東山２－２３,防衛省東山宿舎Ｂ棟南側,35.6452929,139.6862282,
東京都,目黒区,東京26区,5-1,東山１－２４－３１,東山中学校北西側,35.6462302,139.6898307,
東京都,目黒区,東京26区,5-2,東山１－１０,パークハウス目黒東山横,35.6473937,139.6933624,
東京都,目黒区,東京26区,5-3,東山１－２４－３１,東山中学校南東側,35.6462171,139.6912039,
東京都,目黒区,東京26区,5-4,東山２－１,上目黒パークマンション裏,35.6499047,139.6899725,
東京都,目黒区,東京26区,5-5,東山２－１８,東山公園スポーツ等広場西側,35.6469335,139.687367,
東京都,目黒区,東京26区,5-6,東山２-１０-１７,目黒東山ちとせ保育園前,35.6479382,139.6901837,
東京都,目黒区,東京26区,5-7,東山２－１６,駒沢住宅１号棟前,35.6471934,139.6889431,
東京都,目黒区,東京26区,6-1,上目黒３－３７－２８,烏森小学校横,35.6441011,139.6918784,
東京都,目黒区,東京26区,6-2,東山１－２６,鴻之巣橋下,35.6457215,139.6915459,
東京都,目黒区,東京26区,6-3,東山１－２７－１５,ＫＫＲホテル中目黒前,35.6445044,139.6919744,
東京都,目黒区,東京26区,6-4,上目黒３－３１－２,枝光幼稚園裏,35.6436065,139.6944396,
東京都,目黒区,東京26区,6-5,上目黒５-１２,目黒テニスクラブ横,35.6434223,139.6886297,
東京都,目黒区,東京26区,6-6,上目黒３－３３,旧諏訪山橋脇緑道（蛇崩川緑道）,35.6422162,139.6947725,
東京都,目黒区,東京26区,7-1,中目黒１－１－５０,目黒学院高校前,35.6442798,139.702575,
東京都,目黒区,東京26区,7-2,中目黒２－１０,中目黒スクエア向側,35.640145,139.7030153,
東京都,目黒区,東京26区,7-3,上目黒１－２６,紅葉橋横（区立合流点遊び場）,35.6445273,139.6999085,
東京都,目黒区,東京26区,7-4,上目黒１-７,別所橋南側,35.6454025,139.6993964,
東京都,目黒区,東京26区,7-5,上目黒１－１５,宿山橋脇,35.6461997,139.698276,
東京都,目黒区,東京26区,7-6,中目黒２－３－１４,中目黒公園,35.6408053,139.7042989,
東京都,目黒区,東京26区,7-7,中目黒１-１１,船入場前,35.6417502,139.7017586,
東京都,目黒区,東京26区,7-8,中目黒２－３０７－４,東京都職員中目黒住宅,35.6433318,139.7040185,
東京都,目黒区,東京26区,7-9,中目黒２－３,東京共済病院西側,35.6412921,139.7030397,
東京都,目黒区,東京26区,8-1,上目黒２－１９－１５,目黒区総合庁舎西口,35.6414864,139.6978376,
東京都,目黒区,東京26区,8-2,上目黒３-２-１,明治安田生命中目黒ビル,35.6452156,139.6978982,
東京都,目黒区,東京26区,8-3,上目黒２－１９－１５,目黒区総合庁舎東口,35.6408783,139.6990553,
東京都,目黒区,東京26区,8-4,上目黒２－３,中目黒ＧＴ脇蛇崩緑道,35.643811,139.6988388,
東京都,目黒区,東京26区,8-5,中目黒３－６－１０,めぐろ学校サポートセンター正門,35.638822,139.7028702,
東京都,目黒区,東京26区,8-6,中目黒３－１１－２２,時間貸駐車場塀前,35.6404262,139.7001281,
東京都,目黒区,東京26区,8-7,中目黒３－１３－３２,中目黒小学校西側,35.6400538,139.6986401,
東京都,目黒区,東京26区,8-8,中目黒４－１５－２１,八幡公園前北側,35.6382836,139.702133,
東京都,目黒区,東京26区,8-9,上目黒２－１９,中目黒しぜんとなかよし公園,35.6401953,139.698292,
東京都,目黒区,東京26区,9-1,三田２－１０,田道住区センター三田分室前,35.6388138,139.7126977,
東京都,目黒区,東京26区,9-2,三田１－４,恵比寿ビュータワー前,35.6411249,139.7139528,
東京都,目黒区,東京26区,9-3,三田１－１１,三田橋,35.6405067,139.712279,
東京都,目黒区,東京26区,9-4,三田２-６,防衛省目黒独身宿舎向い側（新茶屋坂通り）,35.6409548,139.7097277,
東京都,目黒区,東京26区,9-5,三田２-７-１,目黒区三田防災街づくり会館横,35.6404132,139.7106926,
東京都,目黒区,東京26区,9-6,三田２-６-２５,茶屋坂児童遊園横,35.6408589,139.7098806,
東京都,目黒区,東京26区,9-7,目黒１-１-２７,都営目黒一丁目アパート下,35.637489,139.7114294,
東京都,目黒区,東京26区,10-1,目黒１－２５－２６,田道ふれあい館前,35.6368936,139.708109,
東京都,目黒区,東京26区,10-2,三田２－１９,清掃工場緩衝緑地西側,35.6388711,139.707498,
東京都,目黒区,東京26区,10-3,目黒２－４,区民センタープール南東側,35.6349477,139.7091235,
東京都,目黒区,東京26区,10-4,目黒１－２５－８,田道広場公園前,35.6363913,139.7090336,
東京都,目黒区,東京26区,10-5,目黒２－４－３６,区民センター西口,35.6353902,139.7076519,
東京都,目黒区,東京26区,10-6,目黒1ー１５－２８,田道小学校,35.6376504,139.709018,
東京都,目黒区,東京26区,10-7,目黒３－１－２,セブンイレブン目黒３丁目店前,35.6354899,139.706385,
東京都,目黒区,東京26区,10-8,目黒２－４－３６,区民センター駐車場裏,35.6362992,139.7078235,
東京都,目黒区,東京26区,11-1,下目黒２－２０－１９,下目黒住区センター前,35.6328663,139.7095421,
東京都,目黒区,東京26区,11-2,下目黒２－９,パークホームズ目黒ザレジデンス前,35.629734,139.7139794,
東京都,目黒区,東京26区,11-3,目黒２－６,目黒新橋脇,35.6337856,139.7106288,
東京都,目黒区,東京26区,11-4,下目黒２－３,太鼓橋横,35.6320533,139.7122622,
東京都,目黒区,東京26区,11-5,下目黒２－８,ハイネス目黒向側,35.6308982,139.7131641,
東京都,目黒区,東京26区,11-6,下目黒２－２３,日栄ビル向側,35.6307606,139.7109341,
東京都,目黒区,東京26区,11-7,下目黒３－１－２,大鳥神社前,35.6324812,139.7081202,
東京都,目黒区,東京26区,11-8,目黒１－５,権之助坂横断歩道,35.6344861,139.7130648,
東京都,目黒区,東京26区,12-1,下目黒３－２３,大鳥中学校西側,35.63058,139.7071909,
東京都,目黒区,東京26区,12-2,目黒４-１０-５,新津医院向側,35.631483,139.704338,
東京都,目黒区,東京26区,12-3,下目黒３－２０－２６,目黒不動尊龍泉寺北側,35.6289341,139.7080441,
東京都,目黒区,東京26区,12-4,下目黒３－２４,ベルグ目黒前,35.6318818,139.7068826,
東京都,目黒区,東京26区,12-5,下目黒３－２１－９,不動公園下,35.6292423,139.7077178,
東京都,目黒区,東京26区,12-6,下目黒４-１０,多摩大学目黒高校向側,35.631454,139.7047575,
東京都,目黒区,東京26区,12-7,下目黒３－２０－２６,目黒不動尊弁天池前,35.6275748,139.7078309,
東京都,目黒区,東京26区,13-1,下目黒６－１１－３５,不動小学校東側,35.627323,139.6998511,
東京都,目黒区,東京26区,13-2,下目黒５-１１-１０,区営下目黒五丁目アパート前,35.6271563,139.7045135,
東京都,目黒区,東京26区,13-3,下目黒６－１６－３,下六児童遊園内,35.6289348,139.6982265,
東京都,目黒区,東京26区,13-4,下目黒６－１,ニトリ目黒通り店北側,35.6298349,139.6998413,
東京都,目黒区,東京26区,22-10,目黒本町１－１５－２４,東急バス目黒営業所前,35.6282528,139.6944069,
東京都,目黒区,東京26区,13-6,下目黒６－１４－１９,多摩大学目黒中学校・高等学校体育館前,35.6284924,139.7008622,
東京都,目黒区,東京26区,13-7,下目黒６－１１－３５,不動小学校西側,35.6269699,139.6985422,
東京都,目黒区,東京26区,13-8,下目黒５-１１-１０,区営下目黒五丁目アパート東側,35.6272936,139.7046261,
東京都,目黒区,東京26区,13-5,下目黒６－１１－３５,不動小学校北側,35.627214,139.6989392,
東京都,目黒区,東京26区,14-1,中町１－６－２３,油面住区センター横,35.6312952,139.699715,
東京都,目黒区,東京26区,14-2,目黒４－４－２２,森永乳業（株）中央研究所前,35.6339904,139.7021344,
東京都,目黒区,東京26区,14-3,目黒４－５,大塚山公園前,35.6333363,139.7017186,
東京都,目黒区,東京26区,14-4,中町１－５－４,油面小学校北西側,35.6322042,139.6976652,
東京都,目黒区,東京26区,14-5,中町１-４-１,区営中町1丁目アパート東側,35.6318706,139.6974881,
東京都,目黒区,東京26区,14-6,中町１－１６－２２,油面公園北側,35.6323945,139.6964211,
東京都,目黒区,東京26区,14-7,中町１－５－４,油面小学校北東側,35.6327775,139.6987568,
東京都,目黒区,東京26区,14-8,中町１－１６－２２,油面公園南東側,35.6321329,139.6972794,
東京都,目黒区,東京26区,15-1,中町２－３７－３８,目黒中央中学校西側,35.634751,139.6933216,
東京都,目黒区,東京26区,15-2,中町２－３７－３８,目黒中央中学校北側,35.6347837,139.694424,
東京都,目黒区,東京26区,15-3,中町２－３４－１４,三角山公園北側,35.633137,139.6943713,
東京都,目黒区,東京26区,15-4,中町２－４－１,中町せせらぎ公園横,35.634211,139.6978836,
東京都,目黒区,東京26区,15-5,中町２－３４,三角山公園前,35.6329509,139.6938737,
東京都,目黒区,東京26区,15-6,中町２－４６－１２,中町二丁目自転車集積所前,35.633166,139.6908177,
東京都,目黒区,東京26区,15-7,中町２－４８,スーパー三和祐天寺店横,35.6350353,139.6926954,
東京都,目黒区,東京26区,16-1,祐天寺２－７－１５,都立目黒高校西側,35.6369771,139.6941533,
東京都,目黒区,東京26区,16-2,五本木２－１９,五本木ふれあい街かど公園駒沢通り側,35.6345716,139.6909305,
東京都,目黒区,東京26区,16-3,中目黒５－２３,祐天寺墓地前,35.6367852,139.6972737,
東京都,目黒区,東京26区,16-4,五本木２－２０－１５,守屋図書館前,35.6340675,139.6889723,
東京都,目黒区,東京26区,16-5,祐天寺１－１０－９,祐天寺保育園前,35.638976,139.6947474,
東京都,目黒区,東京26区,16-6,祐天寺２－６－１８,上目黒住区センター児童遊園前,35.6372266,139.6933097,
東京都,目黒区,東京26区,16-7,祐天寺２－７－１５,都立目黒高校東側,35.6372234,139.6957157,
東京都,目黒区,東京26区,17-1,五本木１－１２－１３,上目黒小学校東側,35.6384652,139.6907959,
東京都,目黒区,東京26区,17-2,上目黒４-１７-２５,上目黒四丁目防災ひろば前,35.6404374,139.6909223,
東京都,目黒区,東京26区,17-3,上目黒４－１－２６,かみよん工房前,35.6417921,139.6920353,
東京都,目黒区,東京26区,17-4,上目黒４-３８-２,区営上目黒四丁目アパート2号棟南側,35.6408602,139.6874029,
東京都,目黒区,東京26区,17-5,五本木１－９－１,五本木児童遊園前,35.6393393,139.6913997,
東京都,目黒区,東京26区,17-6,五本木１－１７－１８,田切公園前,35.6384161,139.6871195,
東京都,目黒区,東京26区,17-7,五本木１－１２－１３,上目黒小学校南側,35.6379966,139.69025,
東京都,目黒区,東京26区,17-8,五本木１－１２－１３,上目黒小学校北側,35.6389023,139.6902125,
東京都,目黒区,東京26区,17-9,上目黒４-３８-１,区営上目黒四丁目住宅１号棟前,35.6414027,139.6874348,
東京都,目黒区,東京26区,18-1,五本木２－２４－３,五本木小学校北側,35.6345053,139.6880658,
東京都,目黒区,東京26区,18-2,五本木２－２４－３,五本木小学校南側,35.6333259,139.6876903,
東京都,目黒区,東京26区,18-3,五本木３-１３,五本木西みどり街かど公園,35.6326693,139.6838445,
東京都,目黒区,東京26区,18-4,五本木２－５１－７,ドルチェ山富向側,35.6328785,139.6866184,
東京都,目黒区,東京26区,18-5,五本木３－２５－１１,ブリリア学芸大学前,35.6310092,139.6843972,
東京都,目黒区,東京26区,19-1,中央町２－３２－５,スマイルプラザ中央町北側,35.6317057,139.6884521,
東京都,目黒区,東京26区,19-2,中央町２－２４,唐ケ崎児童遊園前,35.6306985,139.6916115,
東京都,目黒区,東京26区,19-3,中央町２－１７－１５,十日森稲荷神社前,35.6333777,139.6888501,
東京都,目黒区,東京26区,19-4,中央町２-２３-２４,ひまわりプラザ前,35.6309305,139.6907945,
東京都,目黒区,東京26区,19-5,中央町２－２６－６,中央緑地公園南側,35.6299205,139.6911311,
東京都,目黒区,東京26区,19-6,中央町２－３９－１４,目黒寮前,35.6311617,139.68486,
東京都,目黒区,東京26区,20-1,中央町１－２０－２６,鷹番小学校西側,35.6277269,139.6895515,
東京都,目黒区,東京26区,20-2,中央町１－１１,ＮＴＴ唐ケ崎ビル南側,35.6273007,139.6921926,
東京都,目黒区,東京26区,20-3,中央町１－２０－２６,鷹番小学校南側,35.6269835,139.6904729,
東京都,目黒区,東京26区,20-4,鷹番１－５,グロリア学芸大向側,35.6256237,139.6892231,
東京都,目黒区,東京26区,20-5,中央町１－１１,ＮＴＴ唐ケ崎ビル北側,35.6280092,139.691974,
東京都,目黒区,東京26区,20-6,鷹番１－１０,田向公園バス停横,35.6246095,139.6873442,
東京都,目黒区,東京26区,20-7,中央町１－２０－２６,鷹番小学校北側,35.6279155,139.6899726,
東京都,目黒区,東京26区,21-1,鷹番３－１７－２０,鷹番住区センター横,35.6281543,139.6833036,
東京都,目黒区,東京26区,21-2,碑文谷６－９－１１,碑文谷公園東側,35.6257889,139.6830324,
東京都,目黒区,東京26区,21-3,碑文谷５－６,碑文谷五丁目交番バス停横,35.6229136,139.6843121,
東京都,目黒区,東京26区,21-4,碑文谷６－１３－１,碑文谷もみじの森保育園前,35.626716,139.6805441,
東京都,目黒区,東京26区,21-5,碑文谷５－１４,スイング碑文谷駐車場前,35.6233496,139.6820336,
東京都,目黒区,東京26区,21-6,碑文谷５-１５-１９,第三ひもんや保育園前,35.6210926,139.6810524,
東京都,目黒区,東京26区,21-7,碑文谷６－９－１１,碑文谷公園弁天池南側,35.6250607,139.6824047,
東京都,目黒区,東京26区,21-8,碑文谷６－１２－４３,碑文谷体育館東側,35.6272831,139.6824506,
東京都,目黒区,東京26区,21-9,碑文谷６－１２－４３,碑文谷公園テニスコート北側,35.6278347,139.6809057,
東京都,目黒区,東京26区,22-1,碑文谷１-１-３３,目黒南中学校北側,35.6232465,139.6919781,
東京都,目黒区,東京26区,22-2,目黒本町１－１５,日本郵便株式会社目黒郵便局横,35.6272409,139.6936296,
東京都,目黒区,東京26区,22-3,目黒本町２－１２－１０,清水池公園東側,35.6243178,139.6927376,
東京都,目黒区,東京26区,22-4,目黒本町２－１２－１０,清水池公園西側,35.6242959,139.6920215,
東京都,目黒区,東京26区,22-5,目黒本町２－１４,目黒本町郵政宿舎向側,35.6253033,139.6916427,
東京都,目黒区,東京26区,22-6,碑文谷１-１-３３,目黒南中学校東側,35.6227167,139.6924367,
東京都,目黒区,東京26区,22-7,目黒本町２－１２－１０,清水池公園南側,35.6238664,139.6927054,
東京都,目黒区,東京26区,22-8,目黒本町２－２５－１４,第二ひもんや保育園,35.6233249,139.689628,
東京都,目黒区,東京26区,22-9,目黒本町２－１３－１９,目黒清掃事務所前,35.6252992,139.6922543,
東京都,目黒区,東京26区,23-1,目黒本町４－１５－４,月光原小学校北側,35.6231907,139.6947063,
東京都,目黒区,東京26区,23-2,目黒本町４－３,月光町児童遊園前,35.6234098,139.6975533,
東京都,目黒区,東京26区,23-3,目黒本町３－１６,アンジェリカ保育園前,35.6227023,139.6992093,
東京都,目黒区,東京26区,23-4,目黒本町４-３-９,グランシャリオ目黒前,35.6237033,139.6976909,
東京都,目黒区,東京26区,23-5,目黒本町４－１５－４,月光原小学校東側,35.6227611,139.6954922,
東京都,目黒区,東京26区,23-6,目黒本町３－１３－１８,月光原公園前,35.6234209,139.699781,
東京都,目黒区,東京26区,24-1,目黒本町５-２２-１１,向原住区センター前,35.6185379,139.6986123,
東京都,目黒区,東京26区,24-2,目黒本町３-６-７,アトラス目黒本町前,35.621404,139.7017518,
東京都,目黒区,東京26区,24-3,目黒本町５－２２,東原児童遊園内,35.6191754,139.6985877,
東京都,目黒区,東京26区,24-4,目黒本町５-７-１８,東町南児童遊園前,35.6170185,139.6985708,
東京都,目黒区,東京26区,24-5,目黒本町５－２２－８,区立中央体育館前,35.6186601,139.6992552,
東京都,目黒区,東京26区,24-6,目黒本町５－１５,本町地域安全センター向側,35.6212139,139.700998,
東京都,目黒区,東京26区,24-7,目黒本町５-７,サイクルスポット西小山店前植込,35.6164931,139.6986821,
東京都,目黒区,東京26区,24-8,目黒本町５－９－１１,金杉原南緑地公園横,35.617639,139.6991815,
東京都,目黒区,東京26区,25-1,洗足１－２９－２６,旧第九中学校北西側,35.6137889,139.6947706,
東京都,目黒区,東京26区,25-2,洗足１－２９－２６,旧第九中学校北東側,35.613621,139.6956772,
東京都,目黒区,東京26区,25-3,洗足２－１８,洗足ひだまり公園前,35.6104384,139.6934715,
東京都,目黒区,東京26区,25-4,洗足２－２８,洗足二丁目児童遊園前,35.6089607,139.6951124,
東京都,目黒区,東京26区,25-5,洗足１－２９－２６,旧第九中学校南西側,35.6129254,139.6948081,
東京都,目黒区,東京26区,25-6,洗足１－２９－２６,東急ストア洗足店前,35.6097919,139.6939391,
東京都,目黒区,東京26区,26-1,目黒本町６－７,向原小学校南側緑道,35.6181688,139.6967242,
東京都,目黒区,東京26区,26-2,目黒本町６－１８,立会川緑道入口,35.6179872,139.6929887,
東京都,目黒区,東京26区,26-3,目黒本町６-２４-１１,法界塚鬼子母神前,35.6203274,139.6932017,
東京都,目黒区,東京26区,26-4,原町１-２,旧羅刹橋脇緑道,35.6174787,139.6977536,
東京都,目黒区,東京26区,26-5,原町１－２０,原町保育園向側緑道,35.6180785,139.6951353,
東京都,目黒区,東京26区,26-6,目黒本町６－３－２２,向原町児童遊園前,35.6209794,139.6971357,
東京都,目黒区,東京26区,26-7,原町１－３－１６,西小山公園,35.6166353,139.6972353,
東京都,目黒区,東京26区,27-1,碑文谷１－１８－２,碑小学校東側,35.6194511,139.691255,
東京都,目黒区,東京26区,27-2,碑文谷１－２２－２２,円融寺示真殿前,35.6183153,139.6898273,
東京都,目黒区,東京26区,27-3,碑文谷１－２２－２２,円融寺駐車場前,35.6204892,139.6903477,
東京都,目黒区,東京26区,27-4,碑文谷２－４－３,都営碑文谷二丁目アパート南側,35.6228412,139.6890715,
東京都,目黒区,東京26区,27-5,碑文谷２-８-９,ひもんや保育園前,35.6225201,139.6877297,
東京都,目黒区,東京26区,27-6,碑文谷２－１２－１,田向公園前,35.6232715,139.6872056,
東京都,目黒区,東京26区,27-7,碑文谷２－１６,碑住区センター前,35.6206946,139.6877686,
東京都,目黒区,東京26区,27-8,碑文谷２－１２－１,田向公園南側,35.6229292,139.6871359,
東京都,目黒区,東京26区,27-9,碑文谷２－１８,イオンスタイル駐車場南西側,35.6207747,139.6859024,
東京都,目黒区,東京26区,28-1,原町２－１８－１２,原町小学校南側,35.6149816,139.6906685,
東京都,目黒区,東京26区,28-2,原町２－１３,富士見橋脇緑道,35.6179104,139.6915215,
東京都,目黒区,東京26区,28-3,南１－１,旧大門橋先緑道,35.6178036,139.6893564,
東京都,目黒区,東京26区,28-4,南１-８-９,原町住区センター横,35.615082,139.6893492,
東京都,目黒区,東京26区,28-5,南１－１７,コープみらい目黒南センター西側,35.6124638,139.6882646,
東京都,目黒区,東京26区,28-6,南１－１８－３０,南保育園前,35.6138315,139.6889137,
東京都,目黒区,東京26区,28-7,南１－２３－４,富士見台公園前,35.6135267,139.6882712,
東京都,目黒区,東京26区,28-8,南１－１１,南1丁目アパート２号館西側,35.6145436,139.6897257,
東京都,目黒区,東京26区,29-1,碑文谷３-１５-５,大岡山東住区センター前,35.6178677,139.6843248,
東京都,目黒区,東京26区,29-2,碑文谷３－７,碑文谷八幡宮東側,35.6176386,139.6869002,
東京都,目黒区,東京26区,29-3,碑文谷３-１１-２２,すずめのお宿緑地公園古民家前,35.6187395,139.6845304,
東京都,目黒区,東京26区,29-4,碑文谷３-１１-２２,すずめのお宿緑地公園東側,35.6178215,139.68515,
東京都,目黒区,東京26区,29-5,碑文谷４－１９－２５,目黒西中学校東側,35.6195106,139.6832949,
東京都,目黒区,東京26区,29-6,碑文谷４－１９－２５,目黒西中学校北側,35.6197352,139.6823132,
東京都,目黒区,東京26区,29-7,碑文谷４－１９－２５,目黒西中学校南側,35.6188587,139.6826243,
東京都,目黒区,東京26区,29-8,碑文谷４－１６－１８,碑文谷保健センター横,35.6211837,139.6826576,
東京都,目黒区,東京26区,29-9,碑文谷３－７,碑文谷八幡宮児童遊び場,35.6170281,139.6855832,
東京都,目黒区,東京26区,30-1,平町２－３－１,大岡山小学校東側,35.6154995,139.6832764,
東京都,目黒区,東京26区,30-2,南２-８,パラッツォ碑文谷向側,35.6135979,139.6865101,
東京都,目黒区,東京26区,30-3,平町２－１８－５,平町児童遊園前,35.6132697,139.6821896,
東京都,目黒区,東京26区,30-4,南３－８,南交差点南西側,35.6132273,139.6865301,
東京都,目黒区,東京26区,30-5,南３－１３,ソアラノーム大岡山前,35.6123063,139.6881226,
東京都,目黒区,東京26区,30-6,平町１-１０-１,平町寮向側,35.6198341,139.6794702,
東京都,目黒区,東京26区,30-7,平町２－３－１,大岡山小学校北側,35.6157394,139.6828526,
東京都,目黒区,東京26区,30-8,平町２－３－１,大岡山小学校西側,35.6150024,139.6828552,
東京都,目黒区,東京26区,31-1,緑が丘１－８,旧第十一中学校正門横緑道,35.6089901,139.6796785,
東京都,目黒区,東京26区,31-2,大岡山２－９,旧第十一中学校第二グランド東側,35.6083471,139.6805623,
東京都,目黒区,東京26区,31-3,大岡山１－３６,呑川緑道二枚橋先,35.6098717,139.679806,
東京都,目黒区,東京26区,31-4,大岡山２－９,旧第十一中学校第二グランド北側,35.6085521,139.6802244,
東京都,目黒区,東京26区,31-5,大岡山２－１０,東京科学大学北門横,35.6075006,139.6841328,
東京都,目黒区,東京26区,31-6,緑が丘１－５,都民住宅緑が丘前呑川緑道,35.610984,139.679581,
東京都,目黒区,東京26区,31-7,大岡山２－１２,工大橋下流自転車置場横,35.6056688,139.6803071,
東京都,目黒区,東京26区,31-8,緑が丘１－９,呑川緑道,35.6082369,139.6797139,
東京都,目黒区,東京26区,32-1,緑が丘２-７-２０,緑が丘文化会館別館前,35.6095926,139.6745094,
東京都,目黒区,東京26区,32-2,緑が丘３－１,緑が丘駅前公衆便所前,35.6066356,139.678545,
東京都,目黒区,東京26区,32-3,緑が丘２－１３－１,緑ヶ丘小学校北側（校舎側）,35.6106551,139.6737315,
東京都,目黒区,東京26区,32-4,緑が丘２－１３－１,緑ヶ丘小学校西側,35.6098613,139.6731441,
東京都,目黒区,東京26区,32-5,緑が丘２－１３－１,緑ヶ丘小学校東側,35.6098286,139.674563,
東京都,目黒区,東京26区,33-1,自由が丘２－２１,自由ヶ丘学園高校南側,35.611784,139.666262,
東京都,目黒区,東京26区,33-2,自由が丘２－２１,自由ヶ丘学園高校西側,35.6120413,139.6657041,
東京都,目黒区,東京26区,33-3,自由が丘１－２４－１２,熊野神社前,35.6098313,139.6693879,
東京都,目黒区,東京26区,33-4,自由が丘２－２１,自由ヶ丘学園高校北側,35.6123771,139.6661359,
東京都,目黒区,東京26区,33-5,自由が丘２－８－１８,自由が丘公園,35.6103219,139.6673349,
東京都,目黒区,東京26区,33-6,自由が丘２－１７－１４,masked,35.6090186,139.6668909,
東京都,目黒区,東京26区,34-1,大岡山１－３７－２,中根住区センター前,35.6127766,139.6796661,
東京都,目黒区,東京26区,34-2,平町１－２６,都立大学駅前ふれあい広場,35.6174755,139.6763566,
東京都,目黒区,東京26区,34-3,緑が丘１－１－１,中根小学校西側,35.6125615,139.6779016,
東京都,目黒区,東京26区,34-4,大岡山１－３７－２,中根住区センター裏,35.6127788,139.6790679,
東京都,目黒区,東京26区,34-5,中根２－２,キヤノン裏呑川緑道,35.6155964,139.6778601,
東京都,目黒区,東京26区,34-6,中根２－６－３３,中根公園前,35.6134412,139.6765184,
東京都,目黒区,東京26区,34-7,中根２－９－５,(株)五光製作所目黒工場裏,35.614678,139.6761411,
東京都,目黒区,東京26区,34-8,平町２-２１,呑川本流緑道ドルフ都立大横,35.6138803,139.6785742,
東京都,目黒区,東京26区,34-9,中根２－２１－１７,立源寺前,35.6127966,139.6735445,
東京都,目黒区,東京26区,35-1,八雲２－５－１,八雲小学校東側,35.6181438,139.6719535,
東京都,目黒区,東京26区,35-2,柿の木坂１－２２－１３,柿の木坂西児童遊園前,35.6228385,139.6757828,
東京都,目黒区,東京26区,35-3,柿の木坂１－２６,masked,35.6210452,139.6766171,
東京都,目黒区,東京26区,35-4,柿の木坂１－３０,三菱UFJ銀行都立大学駅前支店向側,35.6184039,139.6755131,
東京都,目黒区,東京26区,35-5,八雲１-１-１,めぐろ区民キャンパス前（柿の木坂通り側）,35.6221307,139.6735993,
東京都,目黒区,東京26区,35-6,八雲１－１－２,都立桜修館中等教育学校北側,35.6216056,139.6706791,
東京都,目黒区,東京26区,35-7,八雲１－１０－５,八雲住区センター前,35.6186282,139.6724601,
東京都,目黒区,東京26区,35-8,八雲２－１４,八雲学園東側,35.6184701,139.6703777,
東京都,目黒区,東京26区,35-9,八雲１－５,美春堂ビル東側緑道,35.6179999,139.6744125,
東京都,目黒区,東京26区,36-1,八雲３－１３－２１,宮前小学校東側,35.6157352,139.6671674,
東京都,目黒区,東京26区,36-2,八雲２－２１,朝日エンブレム八雲台東側,35.6197104,139.6684734,
東京都,目黒区,東京26区,36-3,八雲２－９,中根交差点北東側,35.6151481,139.6699148,
東京都,目黒区,東京26区,36-4,八雲３－１３－２１,宮前小学校南側,35.6150527,139.6672398,
東京都,目黒区,東京26区,36-5,八雲３-１２,アスクやくも保育園前,35.6142009,139.6674221,
東京都,目黒区,東京26区,36-6,八雲３－１３－２１,宮前小学校西側,35.6155825,139.6662795,
東京都,目黒区,東京26区,36-7,八雲３－１４－１７,宮前児童遊園前,35.6164259,139.6663663,
東京都,目黒区,東京26区,36-8,八雲３－１９－１２,宮前公園テニスコート前,35.6169149,139.6648941,
東京都,目黒区,東京26区,36-9,八雲３－１９－１２,宮前公園北側,35.6176584,139.6646635,
東京都,目黒区,東京26区,37-1,八雲５－２－１,第十中学校東側,35.6242775,139.6692724,
東京都,目黒区,東京26区,37-2,柿の木坂２－１４,旧谷戸橋脇緑道,35.6247911,139.6767021,
東京都,目黒区,東京26区,37-3,柿の木坂２－１５,旧中ノ橋脇,35.623448,139.6770104,
東京都,目黒区,東京26区,37-4,柿の木坂２－２９－１,柿の木坂児童遊園前,35.6256843,139.6733555,
東京都,目黒区,東京26区,37-5,八雲５－７－２,衾町公園西側,35.6228377,139.6677129,
東京都,目黒区,東京26区,37-6,八雲５－１５－１,やくも街かど公園前,35.6220304,139.6657343,
東京都,目黒区,東京26区,37-7,八雲５－２－１,第十中学校西側,35.6241488,139.6682853,
東京都,目黒区,東京26区,37-8,八雲５－１４,呑川支流緑道,35.6210484,139.6675161,
東京都,目黒区,東京26区,37-9,八雲５－７－２,衾町公園南側,35.6228268,139.6682038,
東京都,目黒区,東京26区,38-1,東が丘１－２０－１,東根小学校東側,35.627017,139.668598,
東京都,目黒区,東京26区,38-2,柿の木坂３-１１-７,碑文谷呑川バス停横緑道,35.6272362,139.6750609,
東京都,目黒区,東京26区,38-3,柿の木坂３－６,東が丘一丁目バス停脇緑道,35.6281903,139.6717972,
東京都,目黒区,東京26区,38-4,東が丘１－６,ひがしがおかホーム前,35.6260522,139.6707675,
東京都,目黒区,東京26区,38-5,東が丘１－７－１４,東根住区センター前,35.6270963,139.6698992,
東京都,目黒区,東京26区,38-6,東が丘２-４-３,公務員東が丘住宅前,35.6296492,139.6655552,
東京都,目黒区,東京26区,38-7,東が丘２－５－１,国立病院機構東京医療センター前,35.6251258,139.6671043,
東京都,目黒区,東京26区,38-8,東が丘２－１６,駒沢オリンピック公園東口,35.6268662,139.6646337,
東京都,目黒区,東京26区,38-9,東が丘１－２３,東根公園前,35.6284525,139.6673742,
